last_name,first_name,email_address,zipcode,city,state,street,homephone
grunow,jordan,svperry3@jumpstartlab.com,14454,geneseo,ny,"box 3771, 10 macvittie circle",631-513-8000
neer,jordan,oklerd52@jumpstartlab.com,21771,mount airy,md,7501 mayfair court,3014714000
indvik,jordan,mbraele@jumpstartlab.com,20016,washington,dc,"3825 wisconsin avenue, nw",301 6545000
bookstein,jordan,vwsephl@jumpstartlab.com,86001,flagstaff,az,200 s. leroux,928-556-3000
wolf,jordan,bbfffffffff@jumpstartlab.com,02342,sdf,fm,234,301-910-5000
sabatchi,jordan,khjjjjjkkkkkkkk@jumpstartlab.com,63105,st. louis,mo,6242 southwood ave apt. 2s,786-325-0000
kuhnline,jordan,agking@jumpstartlab.com,45701,columbus,oh,8 lash st. apt#3,540-903-6000
goughary,jordan,gqaak@jumpstartlab.com,24501,lynchburg,va,1501 lakeside dr,302-858-7000
shell,jordan,kdeland@jumpstartlab.com,05753,middlebury,vt,3893 middlebury college,2023166000
pfeffer,jordan,xfanjarr@jumpstartlab.com,20912,takoma park,md,251 manor circle,240 461 4000
culver,jordan,so27@jumpstartlab.com,08080,sewell,nj,1 oxford terrace,304-433-4000
parkin,jordan,foatellacci@jumpstartlab.com,04240,lewiston,me,bates college,914-320-4000
doe,jordan,gqgeis08@jumpstartlab.com,53211,milwaukee,wi,2576 n. frederick ave.,920-627-4000
pinkerton,jordan,jgair@jumpstartlab.com,23185,williamsburg,va,400 rolfe road apartment a,804-943-2000
holdaway,jordan,ekazanec@jumpstartlab.com,20742,college park,md,8133 hagerstown hall,301-523-9000
butler,jordan,cbberger1213@jumpstartlab.com,27408,greensboro,nc,5 roswell ct.,336.317.1000
